[
  {
    "model": "airport.airport",
    "pk": 1,
    "fields": {
      "name": "Orly",
      "closest_big_city": "Paris"
    }
  },
  {
    "model": "airport.airport",
    "pk": 2,
    "fields": {
      "name": "Lutton",
      "closest_big_city": "London"
    }
  },
  {
    "model": "airport.airport",
    "pk": 3,
    "fields": {
      "name": "Zurich",
      "closest_big_city": "Zurich"
    }
  },
  {
    "model": "airport.airport",
    "pk": 4,
    "fields": {
      "name": "JFK",
      "closest_big_city": "New York"
    }
  },
  {
    "model": "airport.airport",
    "pk": 5,
    "fields": {
      "name": "Los Angeles International",
      "closest_big_city": "Los Angeles"
    }
  },
  {
    "model": "airport.airport",
    "pk": 6,
    "fields": {
      "name": "Tokyo International",
      "closest_big_city": "Tokyo"
    }
  },
  {
    "model": "airport.airport",
    "pk": 7,
    "fields": {
      "name": "Sydney Airport",
      "closest_big_city": "Sydney"
    }
  },
  {
    "model": "airport.airport",
    "pk": 8,
    "fields": {
      "name": "Dubai International",
      "closest_big_city": "Dubai"
    }
  },
  {
    "model": "airport.airport",
    "pk": 9,
    "fields": {
      "name": "Beijing Capital International",
      "closest_big_city": "Beijing"
    }
  },
  {
    "model": "airport.airport",
    "pk": 10,
    "fields": {
      "name": "Frankfurt Airport",
      "closest_big_city": "Frankfurt"
    }
  },
  {
    "model": "airport.route",
    "pk": 1,
    "fields": {
      "source": 1,
      "destination": 2,
      "distance": 500
    }
  },
  {
    "model": "airport.route",
    "pk": 2,
    "fields": {
      "source": 3,
      "destination": 4,
      "distance": 7000
    }
  },
  {
    "model": "airport.route",
    "pk": 3,
    "fields": {
      "source": 5,
      "destination": 6,
      "distance": 12000
    }
  },
  {
    "model": "airport.route",
    "pk": 4,
    "fields": {
      "source": 6,
      "destination": 8,
      "distance": 8000
    }
  },
  {
    "model": "airport.route",
    "pk": 5,
    "fields": {
      "source": 9,
      "destination": 10,
      "distance": 6000
    }
  },
  {
    "model": "airport.route",
    "pk": 6,
    "fields": {
      "source": 2,
      "destination": 1,
      "distance": 500
    }
  },
  {
    "model": "airport.route",
    "pk": 7,
    "fields": {
      "source": 4,
      "destination": 3,
      "distance": 7000
    }
  },
  {
    "model": "airport.route",
    "pk": 8,
    "fields": {
      "source": 7,
      "destination": 5,
      "distance": 12000
    }
  },
  {
    "model": "airport.route",
    "pk": 9,
    "fields": {
      "source": 8,
      "destination": 6,
      "distance": 8000
    }
  },
  {
    "model": "airport.route",
    "pk": 10,
    "fields": {
      "source": 10,
      "destination": 9,
      "distance": 6000
    }
  },
  {
    "model": "airport.airplanetype",
    "pk": 1,
    "fields": {
      "name": "Airbus"
    }
  },
  {
    "model": "airport.airplanetype",
    "pk": 2,
    "fields": {
      "name": "Boeing"
    }
  },
  {
    "model": "airport.airplanetype",
    "pk": 3,
    "fields": {
      "name": "AN"
    }
  },
  {
    "model": "airport.airplanetype",
    "pk": 4,
    "fields": {
      "name": "Cesna"
    }
  },
  {
    "model": "airport.airplanetype",
    "pk": 5,
    "fields": {
      "name": "Embraer"
    }
  },
  {
    "model": "airport.airplanetype",
    "pk": 6,
    "fields": {
      "name": "Bombardier"
    }
  },
  {
    "model": "airport.airplanetype",
    "pk": 7,
    "fields": {
      "name": "ATR"
    }
  },
  {
    "model": "airport.airplanetype",
    "pk": 8,
    "fields": {
      "name": "Fokker"
    }
  },
  {
    "model": "airport.airplanetype",
    "pk": 9,
    "fields": {
      "name": "Douglas"
    }
  },
  {
    "model": "airport.airplanetype",
    "pk": 10,
    "fields": {
      "name": "Saab"
    }
  },
  {
    "model": "airport.airplane",
    "pk": 1,
    "fields": {
      "name": "A320",
      "rows": 16,
      "seats_in_row": 6,
      "airplane_type": 1
    }
  },
  {
    "model": "airport.airplane",
    "pk": 2,
    "fields": {
      "name": "B737",
      "rows": 20,
      "seats_in_row": 5,
      "airplane_type": 2
    }
  },
  {
    "model": "airport.airplane",
    "pk": 3,
    "fields": {
      "name": "AN-124",
      "rows": 12,
      "seats_in_row": 8,
      "airplane_type": 3
    }
  },
  {
    "model": "airport.airplane",
    "pk": 4,
    "fields": {
      "name": "Cesna172",
      "rows": 4,
      "seats_in_row": 2,
      "airplane_type": 4
    }
  },
  {
    "model": "airport.airplane",
    "pk": 5,
    "fields": {
      "name": "A380",
      "rows": 30,
      "seats_in_row": 8,
      "airplane_type": 1
    }
  },
  {
    "model": "airport.airplane",
    "pk": 6,
    "fields": {
      "name": "Boeing 747",
      "rows": 26,
      "seats_in_row": 9,
      "airplane_type": 2
    }
  },
  {
    "model": "airport.airplane",
    "pk": 7,
    "fields": {
      "name": "AN-225",
      "rows": 14,
      "seats_in_row": 10,
      "airplane_type": 3
    }
  },
  {
    "model": "airport.airplane",
    "pk": 8,
    "fields": {
      "name": "Cesna152",
      "rows": 2,
      "seats_in_row": 2,
      "airplane_type": 4
    }
  },
  {
    "model": "airport.airplane",
    "pk": 9,
    "fields": {
      "name": "A330",
      "rows": 18,
      "seats_in_row": 7,
      "airplane_type": 1
    }
  },
  {
    "model": "airport.airplane",
    "pk": 10,
    "fields": {
      "name": "Boeing 787",
      "rows": 22,
      "seats_in_row": 8,
      "airplane_type": 2
    }
  },
  {
    "model": "airport.flight",
    "pk": 1,
    "fields": {
      "route": 1,
      "airplane": 1,
      "departure_time": "2024-01-10T20:25:39Z",
      "arrival_time": "2024-01-10T22:25:44Z"
    }
  },
  {
    "model": "airport.flight",
    "pk": 2,
    "fields": {
      "route": 2,
      "airplane": 2,
      "departure_time": "2024-01-11T10:30:00Z",
      "arrival_time": "2024-01-11T14:45:00Z"
    }
  },
  {
    "model": "airport.flight",
    "pk": 3,
    "fields": {
      "route": 3,
      "airplane": 5,
      "departure_time": "2024-01-12T15:00:00Z",
      "arrival_time": "2024-01-13T08:30:00Z"
    }
  },
  {
    "model": "airport.flight",
    "pk": 4,
    "fields": {
      "route": 4,
      "airplane": 10,
      "departure_time": "2024-01-14T05:45:00Z",
      "arrival_time": "2024-01-14T12:30:00Z"
    }
  },
  {
    "model": "airport.flight",
    "pk": 5,
    "fields": {
      "route": 5,
      "airplane": 9,
      "departure_time": "2024-01-15T18:20:00Z",
      "arrival_time": "2024-01-15T22:10:00Z"
    }
  },
  {
    "model": "airport.flight",
    "pk": 6,
    "fields": {
      "route": 6,
      "airplane": 1,
      "departure_time": "2024-01-16T08:15:00Z",
      "arrival_time": "2024-01-16T10:15:00Z"
    }
  },
  {
    "model": "airport.flight",
    "pk": 7,
    "fields": {
      "route": 7,
      "airplane": 2,
      "departure_time": "2024-01-17T12:00:00Z",
      "arrival_time": "2024-01-17T16:15:00Z"
    }
  },
  {
    "model": "airport.flight",
    "pk": 8,
    "fields": {
      "route": 8,
      "airplane": 5,
      "departure_time": "2024-01-18T20:45:00Z",
      "arrival_time": "2024-01-19T14:15:00Z"
    }
  },
  {
    "model": "airport.flight",
    "pk": 9,
    "fields": {
      "route": 9,
      "airplane": 10,
      "departure_time": "2024-01-20T02:30:00Z",
      "arrival_time": "2024-01-20T09:15:00Z"
    }
  },
  {
    "model": "airport.flight",
    "pk": 10,
    "fields": {
      "route": 10,
      "airplane": 9,
      "departure_time": "2024-01-21T14:10:00Z",
      "arrival_time": "2024-01-21T18:00:00Z"
    }
  },
  {
    "model": "airport.crew",
    "pk": 1,
    "fields": {
      "first_name": "Joseph",
      "last_name": "Becker"
    }
  },
  {
    "model": "airport.crew",
    "pk": 2,
    "fields": {
      "first_name": "Emily",
      "last_name": "Johnson"
    }
  },
  {
    "model": "airport.crew",
    "pk": 3,
    "fields": {
      "first_name": "Michael",
      "last_name": "Smith"
    }
  },
  {
    "model": "airport.crew",
    "pk": 4,
    "fields": {
      "first_name": "Sarah",
      "last_name": "Davis"
    }
  },
  {
    "model": "airport.crew",
    "pk": 5,
    "fields": {
      "first_name": "David",
      "last_name": "Wilson"
    }
  },
  {
    "model": "airport.crew",
    "pk": 6,
    "fields": {
      "first_name": "Jessica",
      "last_name": "Brown"
    }
  },
  {
    "model": "airport.crew",
    "pk": 7,
    "fields": {
      "first_name": "Christopher",
      "last_name": "Miller"
    }
  },
  {
    "model": "airport.crew",
    "pk": 8,
    "fields": {
      "first_name": "Olivia",
      "last_name": "Garcia"
    }
  },
  {
    "model": "airport.crew",
    "pk": 9,
    "fields": {
      "first_name": "Matthew",
      "last_name": "Rodriguez"
    }
  },
  {
    "model": "airport.crew",
    "pk": 10,
    "fields": {
      "first_name": "Emma",
      "last_name": "Martinez"
    }
  },
  {
    "model": "airport.flightcrewmember",
    "pk": 1,
    "fields": {
      "flight": 1,
      "crew": 1
    }
  },
  {
    "model": "airport.flightcrewmember",
    "pk": 2,
    "fields": {
      "flight": 2,
      "crew": 2
    }
  },
  {
    "model": "airport.flightcrewmember",
    "pk": 3,
    "fields": {
      "flight": 3,
      "crew": 3
    }
  },
  {
    "model": "airport.flightcrewmember",
    "pk": 4,
    "fields": {
      "flight": 4,
      "crew": 4
    }
  },
  {
    "model": "airport.flightcrewmember",
    "pk": 5,
    "fields": {
      "flight": 5,
      "crew": 5
    }
  },
  {
    "model": "airport.flightcrewmember",
    "pk": 6,
    "fields": {
      "flight": 6,
      "crew": 6
    }
  },
  {
    "model": "airport.flightcrewmember",
    "pk": 7,
    "fields": {
      "flight": 7,
      "crew": 7
    }
  },
  {
    "model": "airport.flightcrewmember",
    "pk": 8,
    "fields": {
      "flight": 8,
      "crew": 8
    }
  },
  {
    "model": "airport.flightcrewmember",
    "pk": 9,
    "fields": {
      "flight": 9,
      "crew": 9
    }
  },
  {
    "model": "airport.flightcrewmember",
    "pk": 10,
    "fields": {
      "flight": 10,
      "crew": 10
    }
  },
  {
    "model": "airport.order",
    "pk": 1,
    "fields": {
      "created_at": "2024-01-10T20:26:18.808Z",
      "user": 1
    }
  },
  {
    "model": "airport.ticket",
    "pk": 1,
    "fields": {
      "row": 3,
      "seat": 4,
      "flight": 1,
      "order": 1
    }
  },
  {
    "model": "airport.order",
    "pk": 2,
    "fields": {
      "created_at": "2024-01-11T08:15:27.123Z",
      "user": 1
    }
  },
  {
    "model": "airport.ticket",
    "pk": 2,
    "fields": {
      "row": 10,
      "seat": 15,
      "flight": 2,
      "order": 2
    }
  },
  {
    "model": "airport.order",
    "pk": 3,
    "fields": {
      "created_at": "2024-01-12T14:30:45.567Z",
      "user": 1
    }
  },
  {
    "model": "airport.ticket",
    "pk": 3,
    "fields": {
      "row": 5,
      "seat": 8,
      "flight": 3,
      "order": 3
    }
  },
  {
    "model": "airport.order",
    "pk": 4,
    "fields": {
      "created_at": "2024-01-13T18:45:12.890Z",
      "user": 1
    }
  },
  {
    "model": "airport.ticket",
    "pk": 4,
    "fields": {
      "row": 22,
      "seat": 7,
      "flight": 4,
      "order": 4
    }
  },
  {
    "model": "airport.order",
    "pk": 5,
    "fields": {
      "created_at": "2024-01-14T06:20:36.421Z",
      "user": 1
    }
  },
  {
    "model": "airport.ticket",
    "pk": 5,
    "fields": {
      "row": 15,
      "seat": 2,
      "flight": 5,
      "order": 5
    }
  },
  {
    "model": "airport.order",
    "pk": 6,
    "fields": {
      "created_at": "2024-01-15T19:55:58.789Z",
      "user": 1
    }
  },
  {
    "model": "airport.ticket",
    "pk": 6,
    "fields": {
      "row": 8,
      "seat": 11,
      "flight": 6,
      "order": 6
    }
  },
  {
    "model": "airport.order",
    "pk": 7,
    "fields": {
      "created_at": "2024-01-16T09:10:23.234Z",
      "user": 1
    }
  },
  {
    "model": "airport.ticket",
    "pk": 7,
    "fields": {
      "row": 18,
      "seat": 5,
      "flight": 7,
      "order": 7
    }
  },
  {
    "model": "airport.order",
    "pk": 8,
    "fields": {
      "created_at": "2024-01-17T13:40:50.654Z",
      "user": 1
    }
  },
  {
    "model": "airport.ticket",
    "pk": 8,
    "fields": {
      "row": 12,
      "seat": 6,
      "flight": 8,
      "order": 8
    }
  },
  {
    "model": "airport.order",
    "pk": 9,
    "fields": {
      "created_at": "2024-01-18T21:25:15.987Z",
      "user": 1
    }
  },
  {
    "model": "airport.ticket",
    "pk": 9,
    "fields": {
      "row": 25,
      "seat": 9,
      "flight": 9,
      "order": 9
    }
  },
  {
    "model": "airport.order",
    "pk": 10,
    "fields": {
      "created_at": "2024-01-19T03:10:40.123Z",
      "user": 1
    }
  },
  {
    "model": "airport.ticket",
    "pk": 10,
    "fields": {
      "row": 4,
      "seat": 3,
      "flight": 10,
      "order": 10
    }
  }
]